<?xml version="1.0" encoding="utf-8" ?>
<!--
  This file contains basic settings needed for most web apps.
  For full Combres settings (with explanation), refer to the sample definition file: combres_full_with_annotation.xml
  Also, refer to Combres' documentation: http://combres.codeplex.com/documentation
-->

<combres xmlns='urn:combres'>
  <filters>
    <filter type="Combres.Filters.FixUrlsInCssFilter, Combres" />
  </filters>
  <resourceSets url="~/combres.axd"
                defaultDuration="30"
                defaultVersion="auto"
                defaultDebugEnabled="false"
                defaultIgnorePipelineWhenDebug="true"
                localChangeMonitorInterval="30"
                remoteChangeMonitorInterval="60">
    <resourceSet name="siteCss" type="css">
      <resource path="~/Styles/Site.css" />
    </resourceSet>
    <resourceSet name="siteJs" type="js">
      <resource path="~/Scripts/jquery-1.10.2.js" />
      <resource path="~/Scripts/jquery-1.10.2.min.js" />
    </resourceSet>
  </resourceSets>
</combres>

<!--<combres xmlns='urn:combres'>
  <filters>
    <filter type="Combres.Filters.FixUrlsInCssFilter, Combres" />
  </filters>
  <resourceSets url="~/combres.axd"
                defaultDuration="30"
                defaultVersion="auto"
                defaultDebugEnabled="false"
                defaultIgnorePipelineWhenDebug="true"
                localChangeMonitorInterval="30"
                remoteChangeMonitorInterval="60">
    <resourceSet name="siteCss" type="css">
      <resource path="~/content/Site.css" />
      <resource path="~/content/anotherCss.css" />
      <resource path="~/scripts/yetAnotherCss.css" />
    </resourceSet>
    <resourceSet name="siteJs" type="js">
      <resource path="~/scripts/jquery-1.4.4.js" />
      <resource path="~/scripts/anotherJs.js" />
      <resource path="~/scripts/yetAnotherJs.js" />
    </resourceSet>
  </resourceSets>
</combres>-->