<?xml version="1.0" encoding="utf-8"?>
<Solution xmlns="http://schemas.microsoft.com/sharepoint/" SolutionId="97482c94-e068-413b-a861-b2feb685182a" SharePointProductVersion="14.0">
  <Assemblies>
    <Assembly Location="ContentSliderWebPart.dll" DeploymentTarget="GlobalAssemblyCache">
      <SafeControls>
        <SafeControl Assembly="ContentSliderWebPart, Version=1.0.0.0, Culture=neutral, PublicKeyToken=0aa51f7bd5c3465f" Namespace="ContentSliderWebPart.VisualWebPart1" TypeName="*" />
      </SafeControls>
    </Assembly>
  </Assemblies>
  <TemplateFiles>
    <TemplateFile Location="CONTROLTEMPLATES\ContentSliderWebPart\ContentSliderVisualWebPart\ContentSliderVisualWebPartUserControl.ascx" />
    <TemplateFile Location="Layouts\ContentSliderWebPart\anythingslider-ie.css" />
    <TemplateFile Location="Layouts\ContentSliderWebPart\anythingslider.css" />
    <TemplateFile Location="Layouts\ContentSliderWebPart\default.png" />
    <TemplateFile Location="Layouts\ContentSliderWebPart\jquery.anythingslider.js" />
    <TemplateFile Location="Layouts\ContentSliderWebPart\jquery.min.js" />
    <TemplateFile Location="Layouts\ContentSliderWebPart\jquery.SPServices.min.js" />
  </TemplateFiles>
  <FeatureManifests>
    <FeatureManifest Location="ContentSliderWebPart_ContentSliderWebPartFeature\Feature.xml" />
  </FeatureManifests>
</Solution>
